id,first_name,last_name,Brugernavn,Password
1,Terry,Castillo,tcastillo0,UcWS0V
2,Kevin,Adams,kadams1,Tno2MDj5C
3,Sean,Johnson,sjohnson2,IowY4sbR
4,Clarence,Williamson,cwilliamson3,bjgLOrXA
5,Timothy,Warren,twarren4,rcbnJe
6,Julie,Wagner,jwagner5,Bhe4SU1r
7,Benjamin,Elliott,belliott6,E8CPyiMJ
8,Emily,Crawford,ecrawford7,q9rc8hG3xAl3
9,Carolyn,Dean,cdean8,MMWTRhSztdvX
10,Julie,Simmons,jsimmons9,GEX9cUKdOk
11,Helen,Rivera,hriveraa,pYfUp2
12,Rose,Thompson,rthompsonb,4T6jl9BjtmH0
13,Anna,Burke,aburkec,Z8pEDu6l
14,Brandon,Baker,bbakerd,3nmVqHU01d0
15,Gerald,Robinson,grobinsone,0I0nZO5fz
16,Betty,Willis,bwillisf,DREQ3s
17,Keith,Bennett,kbennettg,rewLqbjEt6
18,Jennifer,Black,jblackh,bnAF5K6bF
19,Ernest,Hicks,ehicksi,0oVSVxH
20,Virginia,Ortiz,vortizj,D7LAriEoakz
21,Ashley,Wallace,awallacek,pHCNzuh
22,Craig,Foster,cfosterl,ZzeUWBm
23,Paul,George,pgeorgem,AiXJMYjS
24,Nancy,Bailey,nbaileyn,7VaERUlsVPe
25,Kimberly,Cox,kcoxo,WmsfOnXb8BT
26,Heather,Daniels,hdanielsp,niPFmn1RyKb3
27,Gloria,Jacobs,gjacobsq,Uaj2FoVO3
28,Howard,Riley,hrileyr,IusGz9X
29,Janet,Hayes,jhayess,ORtXbSgHDdb
30,Bonnie,Gibson,bgibsont,KWKJjv
31,Amy,Griffin,agriffinu,9DcBKe
32,Robert,Bryant,rbryantv,JMOuMZ
33,Patricia,Riley,prileyw,dCCqQfC
34,Benjamin,Armstrong,barmstrongx,KRxNGH
35,Carolyn,Kelly,ckellyy,Ja45sQ
36,Amanda,Green,agreenz,TymjeoHIBlUN
37,Cynthia,Young,cyoung10,Lm6D0q63
38,Diana,Murphy,dmurphy11,QWszb25J8On
39,Annie,Hunt,ahunt12,ckgsY6hMNy0
40,Judith,Dixon,jdixon13,0Utm7ivg
41,Annie,Austin,aaustin14,qHi40xAfj
42,Willie,Powell,wpowell15,mlcsLKH
43,Larry,Powell,lpowell16,UatF3j6
44,John,Schmidt,jschmidt17,7d0dcYc
45,Emily,Perkins,eperkins18,RG51mJL
46,Bobby,Garrett,bgarrett19,J8bKbp
47,Lawrence,Alvarez,lalvarez1a,zGcgtzGFLJw6
48,Lisa,Freeman,lfreeman1b,NAfgJYp
49,Joan,Hunt,jhunt1c,H5t5duNTAm
50,Joe,Kelley,jkelley1d,95guXO7b
51,Robin,Austin,raustin1e,mO12CbfwS
52,William,Henderson,whenderson1f,dc8f7qGeetUR
53,John,Bishop,jbishop1g,vBNQsD
54,John,Jordan,jjordan1h,fxfkusHRgkB
55,David,Mitchell,dmitchell1i,mB5hflmlW
56,Kimberly,Frazier,kfrazier1j,8opMN7qO0R
57,Dennis,Fowler,dfowler1k,Kr9s2y
58,Julia,Gutierrez,jgutierrez1l,xHKDgR2GhaJ
59,Chris,Coleman,ccoleman1m,XRSuIl1IHKHw
60,Kathleen,Knight,kknight1n,X5dFvy
61,Patrick,Garrett,pgarrett1o,rM2rPc
62,Bonnie,Hunter,bhunter1p,YSi22M
63,Alice,Henderson,ahenderson1q,LeVluJ6K
64,Christina,Dunn,cdunn1r,j5LULwDEQKXu
65,Shirley,Franklin,sfranklin1s,9Jkl64a
66,Jessica,Andrews,jandrews1t,9UvQ3TVk
67,Donna,Rodriguez,drodriguez1u,OPHlQugO21ya
68,Jane,Hanson,jhanson1v,0KW02e
69,Ernest,Hart,ehart1w,BDzQnAr
70,Judy,Gardner,jgardner1x,PadFdivy
71,Lisa,Palmer,lpalmer1y,3SIlaza8G
72,Lori,Lynch,llynch1z,YtzZDphtpOP7
73,Ruth,Cunningham,rcunningham20,hMT8iuGWYd3
74,Catherine,King,cking21,uXrqhP
75,Andrew,Murphy,amurphy22,2IyrYDeKkFs
76,Roger,Ray,rray23,EvNK6i9zlw
77,Jeremy,Matthews,jmatthews24,9DhpMHhrIWi
78,Christopher,Gordon,cgordon25,407LITem2Yc
79,Teresa,Lopez,tlopez26,RojXyA
80,Carolyn,Elliott,celliott27,a4Pt7S
81,Mary,Ryan,mryan28,B0JNK1p7b
82,Cynthia,Phillips,cphillips29,fjROkP
83,Ashley,Fisher,afisher2a,lSCJwr
84,Ann,Collins,acollins2b,rRe3MS4jTR
85,James,Cook,jcook2c,owGRe8KigNRO
86,Wayne,Hill,whill2d,e1ooUZtimnl
87,Jerry,Carter,jcarter2e,4G6nIko9RFA
88,Dorothy,Sullivan,dsullivan2f,PtJXl5cr3e
89,Gregory,Gray,ggray2g,HQbqbj8HUyTI
90,Mark,Little,mlittle2h,phAhywcI7N5
91,Keith,Alvarez,kalvarez2i,L9apYdSCpkl
92,Joyce,Chavez,jchavez2j,a86WiOlB
93,Nicholas,Nichols,nnichols2k,2RMeevVchZ2f
94,Joshua,Parker,jparker2l,Rmk4lPW
95,Janice,Alexander,jalexander2m,Hks6jayF2hy
96,Nancy,Mccoy,nmccoy2n,l1drbhkLS
97,Teresa,Shaw,tshaw2o,iX985Ip5
98,Diane,Ferguson,dferguson2p,pTlMQVKf5ap2
99,Terry,Banks,tbanks2q,htqZq2OPZn
100,Jerry,Peterson,jpeterson2r,eAW5QilGTck6
101,Katherine,Walker,kwalker2s,NWHG28s
102,Daniel,Welch,dwelch2t,RmF92qZoOan
103,Teresa,Garza,tgarza2u,siYJsq3PQ
104,Juan,Medina,jmedina2v,qyOsA7C
105,Brenda,Rodriguez,brodriguez2w,XW1YR8
106,Jesse,Richardson,jrichardson2x,MTrozYG
107,Edward,Morris,emorris2y,m7vVpK
108,Samuel,Gordon,sgordon2z,CA4qJF2l
109,Lisa,Simpson,lsimpson30,VEEJkpQ94
110,Gary,Reid,greid31,5BZYjz17g3
111,Annie,Fuller,afuller32,h4VC9wdD
112,Barbara,Montgomery,bmontgomery33,fsEnhzS2TsL
113,Evelyn,Garza,egarza34,bTudjtC0MfGR
114,Rachel,Watson,rwatson35,VR1z7qI
115,Alan,Franklin,afranklin36,OG84uY31YPlC
116,Rachel,Brown,rbrown37,ig2akyLQsHg
117,Shawn,Hanson,shanson38,500uNenbkWkB
118,Beverly,Jackson,bjackson39,LIAwN7Z045nh
119,Jerry,King,jking3a,tGNwW8p9
120,Carolyn,Castillo,ccastillo3b,SMxuE1W
121,Benjamin,Gonzales,bgonzales3c,a8NXc37n
122,Norma,Harrison,nharrison3d,2McRa1
123,Evelyn,Willis,ewillis3e,E2hjV2u
124,Samuel,Brown,sbrown3f,SufKnQXF
125,Donald,Hicks,dhicks3g,j7IOmj
126,Patricia,Kennedy,pkennedy3h,uKxJEnI
127,Russell,Hudson,rhudson3i,mhz6hNF9
128,Johnny,Vasquez,jvasquez3j,aQtXM1oQ
129,Lori,Martin,lmartin3k,myn5t6WBL3
130,John,Hamilton,jhamilton3l,KsXhEpUe
131,Jason,Ross,jross3m,ujAnqVJtYeO
132,Kathryn,Larson,klarson3n,AXHTG76
133,Roger,Austin,raustin3o,NaWj5eQY
134,Doris,Weaver,dweaver3p,u5KY5QC8
135,Willie,Ray,wray3q,W5uYFTuYej
136,Joan,Rogers,jrogers3r,3RmfW2gQYkMu
137,Nicholas,Lynch,nlynch3s,Fr1abI2
138,Bobby,Rice,brice3t,JatKM928pWC
139,Joyce,Moore,jmoore3u,zz6reRbF
140,Karen,Henry,khenry3v,NGwYNe1Ugz4Y
141,Janice,Watson,jwatson3w,uoVZ3FyPj
142,David,Harris,dharris3x,uMTAglxN
143,Christopher,Harris,charris3y,RIqYFOa
144,Stephanie,Brooks,sbrooks3z,UW1y5puDKPL
145,Susan,Hughes,shughes40,pg3eOw2FiWl
146,Ruby,Ferguson,rferguson41,Wod2jLlb
147,Ann,Castillo,acastillo42,GeOFgdfdOpJU
148,Irene,Bell,ibell43,RZpS4fQt
149,Robin,Wood,rwood44,QJEfg8Wng
150,Betty,Banks,bbanks45,lGDOLWvrnGBi
151,Laura,Ford,lford46,Af2AvYy1LN
152,Norma,Rice,nrice47,UqyhBQ3TiH
153,Donna,Rodriguez,drodriguez48,Edg9nOYfD61j
154,Matthew,Franklin,mfranklin49,GTB6y9jlmYYE
155,Donald,Harvey,dharvey4a,vYgTlkeFhJK
156,Lori,Morris,lmorris4b,EiroEnK0vx20
157,Rose,Butler,rbutler4c,rJCpy6U
158,Ruth,Ward,rward4d,u89IZCHG4O
159,Philip,Jordan,pjordan4e,J4ngp3Q
160,Betty,Holmes,bholmes4f,D3ZbLKsu1qlm
161,Louise,Torres,ltorres4g,Lh35emH
162,Jack,Dean,jdean4h,qkZ8eFFUSwR
163,Rose,Holmes,rholmes4i,pfx0gaE106X
164,Laura,Marshall,lmarshall4j,jVwQl3F
165,Marie,Shaw,mshaw4k,iKcbL7tJx
166,Maria,Taylor,mtaylor4l,W9tUf0IIQ
167,Gloria,Bell,gbell4m,fT175O
168,Stephanie,Watson,swatson4n,OUPyeqPYEwpf
169,Gary,Welch,gwelch4o,iJxrXE9F
170,Edward,Long,elong4p,zUnvttJFQAR
171,Terry,Dean,tdean4q,GjDOoLshT
172,Charles,Jackson,cjackson4r,0pL5fCRD75
173,Jessica,Ross,jross4s,n6jeUXy
174,Craig,Oliver,coliver4t,9cNB9mfvIdU
175,Cheryl,Stanley,cstanley4u,65mqC8uBk
176,Martha,Harper,mharper4v,mc212TF2
177,Eric,Romero,eromero4w,KeoenmR9o
178,Heather,Warren,hwarren4x,50or1xmpmlf
179,Frank,Jones,fjones4y,ezoldA9Rg
180,Wanda,Gutierrez,wgutierrez4z,f05T26HP9GJW
181,Sarah,Lawson,slawson50,fA7isCmXaC
182,Paul,Cox,pcox51,yxejo3
183,Doris,Murray,dmurray52,ow2JeBMC
184,Douglas,Palmer,dpalmer53,t6LEXn
185,Paul,Fields,pfields54,UkW9ok5
186,Linda,Griffin,lgriffin55,ZZRnz4
187,Anthony,Medina,amedina56,KS9RCgv8fRU
188,Jerry,Lawson,jlawson57,Hb53TF1bkJB
189,Diana,Adams,dadams58,6RMEpyS2F6H
190,Denise,Ramos,dramos59,S3645BpWPUn
191,Chris,Sanders,csanders5a,OtIsAPGi
192,Jimmy,Baker,jbaker5b,LcBc8kZ
193,Dorothy,Ellis,dellis5c,7u3zBFws
194,Christopher,Sims,csims5d,klAlrmpXJm
195,Robin,Ruiz,rruiz5e,Jnh3yuyD8N
196,Adam,Snyder,asnyder5f,GI1OWXib1lP
197,Joseph,Gardner,jgardner5g,hbIcFcm4k2B
198,Alice,Williams,awilliams5h,eoAPwiUe
199,Susan,Montgomery,smontgomery5i,UVEjyeNQPLXR
200,Joan,Morgan,jmorgan5j,RgmOBCgj
201,Joe,Harrison,jharrison5k,jmECz6Okh0ne
202,Terry,Gibson,tgibson5l,nYTPcMSxJl
203,Timothy,Peters,tpeters5m,QDHu0a4
204,Lillian,Coleman,lcoleman5n,Dlqy97
205,Jesse,Fisher,jfisher5o,C0ZoCBinhUx
206,Karen,Diaz,kdiaz5p,lU58AEzNGRr
207,Sean,Bennett,sbennett5q,FaSKUpZ
208,Lisa,Evans,levans5r,YupuMk
209,Brian,Harper,bharper5s,MR5rrP
210,Jason,Banks,jbanks5t,s2YPuvrW1
211,Robin,Patterson,rpatterson5u,jozJMlCpOsH
212,Sean,Larson,slarson5v,I3TfQuq
213,Cheryl,Cunningham,ccunningham5w,gI30E8c7sq
214,Walter,George,wgeorge5x,v63OTlP
215,Heather,Ross,hross5y,fgu3NhczDtq
216,Helen,Stone,hstone5z,pj4hD3AI4vVD
217,Cynthia,Ross,cross60,tFSg9N
218,Joseph,Simpson,jsimpson61,HkaS5fVmw4Q
219,Anna,Frazier,afrazier62,F55udDB25G
220,Philip,Sims,psims63,TApSOzN
221,Beverly,Wright,bwright64,Row9d1jO
222,Tina,Austin,taustin65,SVqCxu
223,Irene,Chapman,ichapman66,QVl6VUgrc
224,Jason,Dean,jdean67,W4gt3QqImp4C
225,Brenda,Clark,bclark68,V5LPnL7
226,Doris,Russell,drussell69,dGELCLOJu
227,Eric,Fernandez,efernandez6a,AAZugYPG
228,Cynthia,Greene,cgreene6b,lsQvze6Rf
229,Craig,Montgomery,cmontgomery6c,RGtR2VAg
230,Eugene,Ross,eross6d,OgaXcc79nPFg
231,Frances,Nichols,fnichols6e,mF4QlA1XC
232,David,Wheeler,dwheeler6f,tiVIdUDU2Z
233,Charles,Campbell,ccampbell6g,JuWLnljNCg6j
234,Kathleen,Tucker,ktucker6h,4xqqTbsnZsc
235,Thomas,Wells,twells6i,a7zLrEDM
236,Sara,Schmidt,sschmidt6j,uub8ayPU
237,Jason,Robinson,jrobinson6k,Z8amSBnj
238,Benjamin,Griffin,bgriffin6l,cHtPzqiLMGHf
239,Juan,Morrison,jmorrison6m,gN9d1qkXNB
240,Sharon,Carroll,scarroll6n,nIkdsJdFM
241,Melissa,Welch,mwelch6o,MXvSCP0
242,James,Garcia,jgarcia6p,X2oDRTnGn
243,Virginia,Bennett,vbennett6q,SywTeDp5Fa
244,Patrick,Ramos,pramos6r,Jq3FHeEy
245,Lawrence,Kelley,lkelley6s,Imjglq
246,Scott,Thomas,sthomas6t,XJz22kaE2
247,Melissa,Garza,mgarza6u,AilIn8mHUJwv
248,Marilyn,Jackson,mjackson6v,v0O6LxuSsWt
249,Juan,Richardson,jrichardson6w,3hkEdAN
250,Catherine,Arnold,carnold6x,DcpLo8L7rE
251,Denise,Gordon,dgordon6y,i7KCXFByEZ5C
252,Carlos,Brooks,cbrooks6z,1L9MMscYyTCb
253,Norma,Wells,nwells70,DyD39g2Mar
254,Alice,Larson,alarson71,XvfOem4
255,Carlos,Perkins,cperkins72,0hxcUhssjo
256,Frances,Cox,fcox73,GfPmIW6m6
257,Ann,Williams,awilliams74,pHg8TS1cq
258,Jack,King,jking75,0dsAB1Ih
259,Mary,Richardson,mrichardson76,5KTsCA
260,Ann,Ferguson,aferguson77,XvvxyQW5g47q
261,Pamela,Ruiz,pruiz78,ZEBJJNCrP
262,James,Perkins,jperkins79,yfniMagt
263,Tina,Myers,tmyers7a,MZMGGYoxrr
264,Peter,Stanley,pstanley7b,Z5zGtGV
265,Mary,Little,mlittle7c,CPn6PT6f
266,Robin,Simmons,rsimmons7d,IFXJgSTe2
267,Bobby,Sims,bsims7e,ahskDPiSKACJ
268,Tina,Baker,tbaker7f,ohreYEeKrqJy
269,Anthony,Larson,alarson7g,87fLqhND
270,Robin,Owens,rowens7h,c97GYSeXuT
271,Denise,Stanley,dstanley7i,M70KCjaHmvO
272,Charles,Myers,cmyers7j,6DivxQNmK
273,Elizabeth,Scott,escott7k,PZZfKMaNu4
274,Janice,Hudson,jhudson7l,QkS6fv371Ay
275,Roy,Jones,rjones7m,SNocNq
276,Kimberly,Stewart,kstewart7n,CNpeYZn4u
277,Donna,Martin,dmartin7o,fl08ggliv
278,Kelly,King,kking7p,2vEqNq
279,Jane,Dean,jdean7q,3LsPmWg3i
280,Fred,Rose,frose7r,IhPzp4eWgT
281,William,Dean,wdean7s,ZJ70G6NOnBbS
282,Mary,Edwards,medwards7t,mTtuUfXyM
283,Roy,Henry,rhenry7u,rqjJXn3kwc
284,Craig,Flores,cflores7v,UEpKmHCb
285,Barbara,Washington,bwashington7w,8YabUqSPO
286,Benjamin,Myers,bmyers7x,iail7ahaMwC
287,Timothy,Willis,twillis7y,Et3T9dPhkZ
288,Linda,Gardner,lgardner7z,ao7aIkfRCC
289,Fred,Bell,fbell80,V0gt4GgXkvMt
290,Craig,Day,cday81,2oWbCd0F
291,Karen,Rice,krice82,m6fbTUCfoG4
292,Kelly,Austin,kaustin83,mJYHOc6zJ
293,Jimmy,Mccoy,jmccoy84,Q2fmtWrccSv
294,Sara,Snyder,ssnyder85,GIHnSJ
295,James,Bishop,jbishop86,Q8ZoeOQRKB
296,Thomas,Price,tprice87,npkgYS
297,Ruth,Watkins,rwatkins88,VdQDldO3aP
298,Kimberly,Smith,ksmith89,kBhfP5peC
299,Richard,Thompson,rthompson8a,PafQQ7v
300,Phillip,Mason,pmason8b,bQpoGrW40xS6
301,Kelly,Hernandez,khernandez8c,IUnRARQ
302,Helen,Hunter,hhunter8d,8RiZ9C6E
303,Howard,Lane,hlane8e,IkxoTWQB4G
304,Theresa,Larson,tlarson8f,RmAAqPHgdybm
305,Marilyn,Castillo,mcastillo8g,oCtgUcn
306,Donna,Gonzalez,dgonzalez8h,AgHVRJN
307,Bobby,Gutierrez,bgutierrez8i,yroGFJN
308,Sara,Franklin,sfranklin8j,kM3Rn0yb6nly
309,Bobby,Ellis,bellis8k,OwWniCGxS
310,Robert,Morris,rmorris8l,rzUhe13V
311,Juan,Young,jyoung8m,4zzw2lY8KJ7n
312,Paul,Weaver,pweaver8n,7Dm0XWTLLe
313,Jose,Watkins,jwatkins8o,FVmJTU
314,Judith,Bradley,jbradley8p,l6hfeYt
315,Frances,Riley,friley8q,TtRcippn
316,Kathleen,Willis,kwillis8r,4nnWYFrtne0S
317,Martin,Simpson,msimpson8s,TT6HgpDU
318,Julia,Lawson,jlawson8t,TBXnk6
319,Randy,Snyder,rsnyder8u,naqShF1k3xpS
320,Amy,Hudson,ahudson8v,0KiyZw
321,Melissa,Taylor,mtaylor8w,PHCQDO2xhHeG
322,Debra,Alexander,dalexander8x,KI27ovT2
323,Gregory,George,ggeorge8y,dWb23nhzaCzk
324,Mark,Williamson,mwilliamson8z,U6M70V
325,Matthew,Garza,mgarza90,Tt27YG
326,Louis,Wallace,lwallace91,iqBSJev0C
327,Lawrence,Hamilton,lhamilton92,1bB5dghR
328,Chris,Allen,callen93,1dS53n9evrh6
329,Andrew,Burns,aburns94,uVliAMX
330,Wayne,Price,wprice95,jBQFpoRLWz
331,Tammy,West,twest96,DJClTXOM9xs3
332,Russell,Wilson,rwilson97,5Z09vaE6s
333,Carlos,Miller,cmiller98,fP4gXJ6
334,Roger,Gray,rgray99,YlYFLcYML
335,Robin,Hunt,rhunt9a,2oPYTO
336,Betty,Nelson,bnelson9b,MAZ9DXlJ1MG
337,Terry,Greene,tgreene9c,Pc0j11yVANl
338,Todd,Perkins,tperkins9d,c1fKFwgFgqoq
339,Chris,Tucker,ctucker9e,wyIYxLcOhsBP
340,Jason,Alexander,jalexander9f,F7wN0t
341,Martin,Gonzalez,mgonzalez9g,UxLgg2cI
342,John,Dixon,jdixon9h,tpvl6XpU3b
343,Carlos,Mccoy,cmccoy9i,5DKmDFSVd
344,Christopher,Hansen,chansen9j,SARyiV
345,Jimmy,Ross,jross9k,5riapvDLs
346,Sandra,Howell,showell9l,6nyMcGjGXiT
347,Earl,Ward,eward9m,77Wi4Bd
348,Maria,Burton,mburton9n,0XfHU5LixfX
349,Charles,Hamilton,chamilton9o,0njy9zy
350,Johnny,Vasquez,jvasquez9p,fD13acDsPPZ
351,Gary,Boyd,gboyd9q,VpoIeQ
352,Sara,Hernandez,shernandez9r,KJCT3qeip
353,Dorothy,Ramirez,dramirez9s,ahaQ1bEzu
354,David,Smith,dsmith9t,MAr5j7cD
355,Fred,Ryan,fryan9u,dMH63jAHNH
356,Joshua,Bailey,jbailey9v,2Ge3imV6D5Pr
357,Lori,Webb,lwebb9w,DedUc8
358,Debra,Hansen,dhansen9x,JeDHcE
359,Michelle,Hayes,mhayes9y,AOgFDNN0IIF
360,Tammy,Howell,thowell9z,7T6Uq64Md3s
361,Patrick,Flores,pfloresa0,3fKxKCPoVrzn
362,Bobby,Griffin,bgriffina1,XRlXEKApmB5
363,Nicole,Arnold,narnolda2,FJvYBbNtxRm
364,Anne,Evans,aevansa3,Xg5GaSTy47bQ
365,Edward,Warren,ewarrena4,wrig6o3X
366,Keith,Thomas,kthomasa5,qkSc3QtWS
367,Robin,Carter,rcartera6,jijmuAROS
368,Rebecca,Young,ryounga7,VkazRpMDFYB
369,Kimberly,Ross,krossa8,CqiWjKMp
370,Earl,Crawford,ecrawforda9,AR7L2r
371,Jeremy,Reynolds,jreynoldsaa,RWHpSy
372,Andrea,Murray,amurrayab,6lRpI63W55Vr
373,Sean,Rodriguez,srodriguezac,rH4SOuHz
374,Billy,Moreno,bmorenoad,ziNiJMB
375,Mary,Porter,mporterae,iBJM9Jzx
376,Howard,Lewis,hlewisaf,JCeVypo
377,Catherine,Mcdonald,cmcdonaldag,Q76S15EjQ
378,Aaron,Ray,arayah,YtLzdOvTc
379,Mary,Richardson,mrichardsonai,ZAK6CXB
380,Joyce,Mills,jmillsaj,x4NxP11y0d
381,Wanda,Mccoy,wmccoyak,5zMFRnf1KDe
382,Louise,Adams,ladamsal,IohfqsXPvX
383,Dennis,Gutierrez,dgutierrezam,HASTTvOThhTk
384,Amanda,Diaz,adiazan,mFvEsinE
385,Matthew,Stone,mstoneao,48VnRq
386,Steve,Ortiz,sortizap,Wett0xd
387,Russell,Crawford,rcrawfordaq,gc1wDos6USK
388,Raymond,Meyer,rmeyerar,SOEwxBloWTO
389,Ann,Sanders,asandersas,Ik9gpz
390,Rebecca,Watkins,rwatkinsat,ZFWGa2rPEIzP
391,Shawn,Greene,sgreeneau,GERQd6N6
392,William,Murray,wmurrayav,soCZMd4
393,Cynthia,Sims,csimsaw,sh2MAPgO
394,Marilyn,Dunn,mdunnax,Xymo9S7StjSQ
395,Amanda,Cook,acookay,ZkRuh5tFb
396,Carol,Lopez,clopezaz,qtPskIe
397,Doris,Porter,dporterb0,CI3op3e7vZ
398,Bruce,Williamson,bwilliamsonb1,0tVaYFT
399,Douglas,Robinson,drobinsonb2,SWkYtIWVII
400,Gary,Kim,gkimb3,I8Sbfz
401,Rachel,Kennedy,rkennedyb4,Om7k37YFE
402,Aaron,Cunningham,acunninghamb5,ipQLGHC
403,Jack,Knight,jknightb6,BdpEjBI1jv
404,Philip,Walker,pwalkerb7,Br4G4R
405,Louis,Jacobs,ljacobsb8,O4dPb7oY
406,Theresa,Simmons,tsimmonsb9,Pcf37Zh
407,Marie,Butler,mbutlerba,Z9aDbzNKqsM
408,Russell,Cooper,rcooperbb,L0WeAB7a
409,Juan,Miller,jmillerbc,Cd7kfmiB6cam
410,Catherine,Allen,callenbd,jS0RHt3mblzk
411,Wanda,Chapman,wchapmanbe,EqQuzoQ
412,Amy,Garza,agarzabf,EOnQXq
413,Lawrence,Howard,lhowardbg,BRqrOZHhqZL
414,Virginia,Woods,vwoodsbh,020HFK13Shc
415,Albert,Fowler,afowlerbi,kz20a0RWtEl
416,Patrick,Johnson,pjohnsonbj,dcJ2f9FElkq
417,Craig,Fox,cfoxbk,sGLnklZFFU68
418,Anne,Vasquez,avasquezbl,0cz0F5y
419,Victor,Owens,vowensbm,VLjlsR
420,Raymond,Johnson,rjohnsonbn,Ot0G7Z4jC7
421,Sean,Knight,sknightbo,bn7xFk
422,Sarah,Foster,sfosterbp,uSM7Wf6V
423,Wayne,Morris,wmorrisbq,a5xQNP4CSY
424,Patricia,Coleman,pcolemanbr,yWvKGHxDOZh
425,Carolyn,Frazier,cfrazierbs,0DOuzxEeUdAX
426,Kenneth,Bryant,kbryantbt,MU3Ip6s
427,Richard,Chapman,rchapmanbu,qlkCgFt
428,Charles,Burton,cburtonbv,Pzt9twPf
429,Marie,Fisher,mfisherbw,14MweQk
430,Annie,Henderson,ahendersonbx,jclcnn3Hf
431,Evelyn,Dixon,edixonby,H9xnrYLFr
432,Antonio,Nichols,anicholsbz,mgHw4USD
433,Andrew,Miller,amillerc0,1XmvXrCRdT
434,Kelly,Gonzalez,kgonzalezc1,ynGKuCykCP
435,Harold,Simpson,hsimpsonc2,uIAZ0cCJ
436,Julia,Frazier,jfrazierc3,XuYV2C5pEmrr
437,Gloria,Kennedy,gkennedyc4,DNPYqjihFm
438,Andrea,Martinez,amartinezc5,1KtVvqQbwCj4
439,Adam,Young,ayoungc6,4avRzhCH3nBp
440,Ralph,Jenkins,rjenkinsc7,MQjhjWq
441,Eric,Ford,efordc8,gd4jc0YGHy6U
442,Matthew,Ortiz,mortizc9,MNulmh4pb
443,Stephanie,Rivera,sriveraca,lPBmRAS
444,Nicholas,Jones,njonescb,NPqZZextY
445,Janet,Welch,jwelchcc,qWTfGHo
446,Philip,Hernandez,phernandezcd,fCmPSX
447,Christine,Simpson,csimpsonce,qrnJpF3Ea1
448,Samuel,Miller,smillercf,bZVk2qi
449,Anthony,Long,alongcg,FzSMnyz0
450,Heather,Hunt,hhuntch,y3Dp3m
451,Theresa,Gray,tgrayci,nxdtGk4
452,Harold,Vasquez,hvasquezcj,OTqSV5ppJ
453,Diane,Bailey,dbaileyck,M4jChGD
454,Patricia,Gordon,pgordoncl,XKvWeq
455,Larry,Wells,lwellscm,TQqP2u1ph
456,Martha,Cook,mcookcn,SU9DqxsWg
457,Martha,Hanson,mhansonco,J2es4HIYRnX3
458,Daniel,Moore,dmoorecp,9OX6CT01Bzi8
459,Sara,Moreno,smorenocq,lXzTrebf
460,Lisa,Brooks,lbrookscr,6P3Gmir
461,Jean,Foster,jfostercs,nPXL8VmIv03a
462,Billy,Gardner,bgardnerct,LjQlkUKJkM
463,Phillip,Griffin,pgriffincu,VRyZVy264
464,Kathryn,Reid,kreidcv,UwXZrJjcG6
465,Kathryn,Palmer,kpalmercw,ibFMD6bEV
466,Annie,Garcia,agarciacx,YnhZ9Fl58
467,James,Anderson,jandersoncy,mySpUV
468,Fred,Anderson,fandersoncz,ZpZSKUh
469,Craig,Carr,ccarrd0,PRHOE2vMcME
470,Sean,Cook,scookd1,nKkE8MQdUqs
471,Cheryl,Gonzales,cgonzalesd2,F1p1KIrVzsO
472,Ralph,Foster,rfosterd3,P2AZ5Up
473,Benjamin,Mills,bmillsd4,MIPNyqcr12B0
474,Peter,Brown,pbrownd5,weR5q5mc
475,Bonnie,Mccoy,bmccoyd6,QYBXGnEU3Dk0
476,Edward,Hernandez,ehernandezd7,CXzIaruh
477,Todd,Dixon,tdixond8,pffcSa
478,Rebecca,Hughes,rhughesd9,lBBzAcMu
479,Virginia,Webb,vwebbda,YGKgA7P
480,Amanda,Daniels,adanielsdb,8bTTkI4tL
481,Mildred,Owens,mowensdc,21JzyxQiz
482,James,Nichols,jnicholsdd,VZ2RgqWw
483,Annie,Watkins,awatkinsde,DVsy83bm1W
484,Earl,Day,edaydf,yZeZry
485,Julia,Hudson,jhudsondg,LcnVPVy3VVXP
486,Ronald,Morgan,rmorgandh,P94UNi
487,Philip,Moreno,pmorenodi,FRvlG1Z
488,Lillian,Stanley,lstanleydj,I6i1xG1FEXC
489,Virginia,Simmons,vsimmonsdk,HA9w0Xdz73
490,Shawn,Welch,swelchdl,HBhLoT063tL
491,Gloria,Simmons,gsimmonsdm,w6jBNrWH
492,Jose,Phillips,jphillipsdn,tbsOYHlECAm1
493,Lori,Campbell,lcampbelldo,27YBC4YOC
494,Gregory,Elliott,gelliottdp,7Jo3AGKaYm
495,Billy,Ross,brossdq,1BeWAiB9sF
496,Sharon,Collins,scollinsdr,5HlP93fxri
497,Elizabeth,Cunningham,ecunninghamds,lFBfVxSF
498,Keith,Jordan,kjordandt,gW3elwkEiI
499,Earl,Torres,etorresdu,rgGIHrKybj
500,Terry,Perkins,tperkinsdv,fHCjUveXc
501,Albert,Chapman,achapmandw,iyXU5W3DuWZ
502,Margaret,Lee,mleedx,SyN3fQ9R
503,Rebecca,Hernandez,rhernandezdy,zrdKf1
504,Paula,Harris,pharrisdz,l74R8uE
505,Ashley,Greene,agreenee0,5KrG2wcosve
506,Philip,Boyd,pboyde1,O3hTCM36l
507,Rachel,Snyder,rsnydere2,fplul15Se0
508,Michael,Lawson,mlawsone3,DfMg3d
509,Donna,Jenkins,djenkinse4,YdcmfhPL3QHg
510,Teresa,Dunn,tdunne5,W7Wpykx7
511,Karen,Meyer,kmeyere6,3bQOO18Jsye5
512,Jacqueline,Murray,jmurraye7,JxXhKct3G
513,Marie,Cunningham,mcunninghame8,Hi1vaiaeBGGI
514,Deborah,Elliott,delliotte9,y2EuZwMD9zIH
515,Debra,Hansen,dhansenea,xsM7iWmc0U
516,Robin,Dean,rdeaneb,kqtIUmilFL
517,Harold,Bishop,hbishopec,ZU9bvlBBTz
518,Earl,Rodriguez,erodriguezed,vhXMYQPvIG
519,Ryan,Ryan,rryanee,ST23jGJQje
520,Jessica,Stone,jstoneef,xNpAElIDB
521,Aaron,Ellis,aelliseg,FI6kQVqDY
522,Kenneth,Turner,kturnereh,qja4CE8
523,Theresa,Ryan,tryanei,aNr1n29hmJ
524,Donald,Hicks,dhicksej,cmpTO7ah3PnY
525,Keith,Hudson,khudsonek,6qzISqfn
526,Ralph,Mason,rmasonel,GcRsTqi3IV
527,Anne,Morales,amoralesem,XWUreIy27E
528,Samuel,Snyder,ssnyderen,FCWiHiXcWCT
529,Frances,Harvey,fharveyeo,MynFQgo
530,Howard,Gutierrez,hgutierrezep,Dehqli36qE2
531,George,Martinez,gmartinezeq,GvbMMUs9X3H
532,Carolyn,Watson,cwatsoner,THofkTKJR8MF
533,Andrea,Moore,amoorees,1Ryzswr
534,Judy,Bailey,jbaileyet,UAAeINELv
535,Sean,Hansen,shanseneu,jYS3OfS
536,Ann,Chavez,achavezev,oj4mXB
537,Katherine,Richards,krichardsew,I0Gpmm
538,Ashley,Simmons,asimmonsex,uiBme3b
539,Henry,Berry,hberryey,ygBaArbWS4LO
540,Lois,Wallace,lwallaceez,GXG0FA3OFhl7
541,Douglas,Mcdonald,dmcdonaldf0,fUKNXgUV
542,Adam,Wells,awellsf1,33O3aoO
543,Jeffrey,Miller,jmillerf2,nnFqymb21u
544,Larry,Ramos,lramosf3,mjpChIiwH
545,Robin,Williamson,rwilliamsonf4,SpY7WV3svH
546,Paula,Taylor,ptaylorf5,vSsEMKipWoaD
547,Chris,Austin,caustinf6,qRUI5i
548,Kimberly,Powell,kpowellf7,tJflADZjEurA
549,Diane,Oliver,doliverf8,CgxSZUZK9qM
550,Christina,Gordon,cgordonf9,hMFkpfl5Fih
551,Lois,Ryan,lryanfa,RZF3JoD
552,Virginia,Cole,vcolefb,tAyRL2
553,Anna,Miller,amillerfc,iqpVvDNzKa
554,Teresa,Knight,tknightfd,LC9jijuUK2T2
555,Rebecca,Gordon,rgordonfe,2k5LYcXQ9
556,Billy,Willis,bwillisff,Pyg4XQSW2t
557,Ann,Bennett,abennettfg,nwslbqCb34
558,Julie,Cook,jcookfh,IVzz8HIKuKuH
559,Jean,Vasquez,jvasquezfi,hLii8M69CAB
560,Martha,Walker,mwalkerfj,fA2jbuKbej
561,Wanda,Burton,wburtonfk,4BUDrPm9r
562,Raymond,Kelly,rkellyfl,O9YprKEX
563,Steven,Wilson,swilsonfm,foHFTE
564,Cheryl,Mendoza,cmendozafn,nJ6b1Qx5
565,Russell,Edwards,redwardsfo,6Uw1SSe
566,Judith,Lee,jleefp,QyX09j
567,Marilyn,Boyd,mboydfq,sWxxUY
568,Lori,Day,ldayfr,RCazF9qvqX
569,Ernest,Grant,egrantfs,a1RsSAST79
570,Edward,Wheeler,ewheelerft,dkm8HmhcSd9
571,Barbara,Hunter,bhunterfu,wvXtT0dCc2F
572,Carolyn,Ross,crossfv,9nM2qf
573,Earl,Brown,ebrownfw,Mj7b4z9kEFx
574,Andrea,Spencer,aspencerfx,EIPFcSnG7O
575,Heather,James,hjamesfy,cFjVnHED
576,Wayne,Arnold,warnoldfz,fjSAEIdXpc
577,Tina,Murray,tmurrayg0,HbX0mC
578,Matthew,Martin,mmarting1,48iLLFE
579,Earl,Howell,ehowellg2,VGWWiwQT
580,Lois,Adams,ladamsg3,buzxaCus
581,Keith,Fields,kfieldsg4,A25DkAi6gF
582,Elizabeth,Murray,emurrayg5,9KyRNQfO
583,Lillian,Day,ldayg6,fGrI4cHs
584,Nancy,Willis,nwillisg7,Qx9GfFg
585,Angela,Gomez,agomezg8,0BbsuP8I0
586,Irene,Green,igreeng9,DEOasgXEHM
587,Gary,Palmer,gpalmerga,mUJ0N6
588,Stephen,Perez,sperezgb,OssHjmC09zJR
589,Jonathan,Jenkins,jjenkinsgc,DT9dbKCfX7
590,Sarah,Fuller,sfullergd,A9lfFO2nIQm
591,Joan,Day,jdayge,2yCDZWBW
592,Ronald,Harris,rharrisgf,j3zvoH
593,Julie,Gutierrez,jgutierrezgg,GbcECC
594,Amy,Graham,agrahamgh,AF9jPzTSe
595,Janice,Wood,jwoodgi,udxHvQB
596,Helen,Robertson,hrobertsongj,czhg3KV7
597,Jose,Kennedy,jkennedygk,Q3hSgNyFh
598,Johnny,Watson,jwatsongl,VdABCKUs1
599,Catherine,Miller,cmillergm,tayYslNM6
600,Karen,Ray,kraygn,0zGnCftj
601,Evelyn,Butler,ebutlergo,q4n7LQ9YkHIc
602,Donald,Bailey,dbaileygp,fG9lP0
603,Tina,Perkins,tperkinsgq,3LQ7yhblA2e
604,Ralph,Harrison,rharrisongr,tV3bBy4
605,Billy,Gardner,bgardnergs,8yasHP1w
606,Norma,Hunter,nhuntergt,G3fpMhrxyA
607,Charles,Henderson,chendersongu,jARIGZ
608,Anne,Rodriguez,arodriguezgv,rBgScPwc
609,Johnny,Cox,jcoxgw,qhxy8V7r3JLC
610,Diana,Castillo,dcastillogx,RaxgS8ay1
611,Mildred,Nguyen,mnguyengy,p4ZmSGyiyZZE
612,Evelyn,Fuller,efullergz,A61dN1Ks
613,Louis,Boyd,lboydh0,xFxBibMjE
614,Charles,Morales,cmoralesh1,CMnZGJiH
615,Antonio,Nichols,anicholsh2,OnaUooK
616,Theresa,Howell,thowellh3,nWKc3E4v
617,Gerald,Daniels,gdanielsh4,fjNmyDsFF7N
618,Nicole,Reid,nreidh5,WLvo9szzJ9T
619,John,Hudson,jhudsonh6,pPTLFy5X
620,Irene,Payne,ipayneh7,eHivgOu
621,Arthur,Barnes,abarnesh8,xiqN4ouL
622,John,Dunn,jdunnh9,u6Ed0n7Gcmy
623,Betty,Morgan,bmorganha,ICZ29QsOtd7a
624,Roger,Spencer,rspencerhb,11BccJF6
625,Helen,Knight,hknighthc,O5BYZs3G5Vf5
626,Lois,Ramirez,lramirezhd,QyU5bnoKPyHY
627,Kelly,Porter,kporterhe,Tz0D2oA
628,Eugene,Rose,erosehf,UWKnNqp
629,Chris,Marshall,cmarshallhg,tq3eyMh
630,Sara,Webb,swebbhh,iWNsVm
631,Ruby,Sanders,rsandershi,U2xRDNOVnG3
632,Harry,Fisher,hfisherhj,APuZgL6VX
633,Kathryn,Stephens,kstephenshk,CBn4mi0NvYX
634,Clarence,Rose,crosehl,pDr1iLHVra
635,Sandra,Taylor,staylorhm,GocysIDcu
636,Roy,Gardner,rgardnerhn,ecTJGAtYO3p
637,Michelle,Pierce,mpierceho,tQwlmQMw2w
638,Beverly,Stanley,bstanleyhp,6dIVS7mTdm
639,Paul,Hernandez,phernandezhq,5x42mrZ7
640,Richard,Thompson,rthompsonhr,6TXkvw
641,Jesse,Hernandez,jhernandezhs,pSCqzQOV
642,Denise,Torres,dtorresht,xCdB19b3Zt
643,Jessica,Graham,jgrahamhu,8W6jXfnci
644,Dorothy,Freeman,dfreemanhv,FQHIBa
645,Roy,Kim,rkimhw,782BJ08
646,Patricia,Rice,pricehx,aa1N4rsexJx
647,Evelyn,Burton,eburtonhy,KvnsYr
648,Dorothy,Kelly,dkellyhz,mO9ZaIT3b
649,Mark,Clark,mclarki0,XLkN94
650,Sean,Bishop,sbishopi1,MOIch3GT
651,Thomas,Hill,thilli2,dKANiD
652,William,Chavez,wchavezi3,ZB3PNkxLX4EW
653,Theresa,Myers,tmyersi4,wxwRhBQ
654,Wayne,Wallace,wwallacei5,BhGZB9dBzWG
655,Larry,Stone,lstonei6,E67xZR3C3
656,Judy,Elliott,jelliotti7,1UZaFyx
657,Charles,Reyes,creyesi8,ifvUbvtx82X
658,Thomas,Howell,thowelli9,CkWsPm
659,Angela,Parker,aparkeria,itFR48Io
660,Bobby,Schmidt,bschmidtib,NVozYgqC
661,Joyce,Garcia,jgarciaic,9ctkc1GR
662,Joan,Powell,jpowellid,D6kOQyU
663,Brandon,Pierce,bpierceie,rJ99XAPxUkX
664,Rachel,Brown,rbrownif,ZcquLSeO
665,Julie,Ruiz,jruizig,fJH5YtiG4
666,Angela,Hunt,ahuntih,6ng7MjxSQR
667,Roy,Baker,rbakerii,IhyG8yLK
668,Beverly,Sullivan,bsullivanij,Wn4EXL5aJ
669,Ann,Matthews,amatthewsik,smVK2BOuFUn
670,Andrew,Mason,amasonil,RJ5ICxY8
671,Nicole,Rose,nroseim,bFgpeIwYSeA
672,Anne,Harper,aharperin,wbvHAnlJJC
673,Ralph,Peterson,rpetersonio,ds4OSRhpNo
674,Beverly,Sullivan,bsullivanip,358osxbXOx
675,Donald,Andrews,dandrewsiq,jLjVSWM
676,Wayne,Romero,wromeroir,FFIZ0AT
677,Debra,Hall,dhallis,naETMQq4R
678,Christopher,Hughes,chughesit,8GCHy0zb9qx
679,Louise,Lane,llaneiu,BXzgSCN
680,George,Hunt,ghuntiv,0GzViP
681,Karen,Washington,kwashingtoniw,CH0ItJelJ4
682,Melissa,Fowler,mfowlerix,rbBQRXC
683,Helen,Hernandez,hhernandeziy,mXLQUcyprGB
684,Joyce,Lawson,jlawsoniz,MLXVBfrU
685,Patrick,Wheeler,pwheelerj0,Mza0TTH
686,David,Peterson,dpetersonj1,hyKIxQLZul
687,Jimmy,Allen,jallenj2,7qa9kDNe
688,Paul,Taylor,ptaylorj3,GJPk2QHw
689,Helen,Duncan,hduncanj4,isxLZonT
690,Ashley,Andrews,aandrewsj5,jfu7pPy4p3
691,Shawn,Phillips,sphillipsj6,IjjmtZ
692,Earl,Nguyen,enguyenj7,OgFjhBDn0
693,Linda,Adams,ladamsj8,Doom1K6A7Cv
694,Douglas,Burns,dburnsj9,27GUof
695,Martha,Fuller,mfullerja,CxAAVvjjez1
696,Dennis,Ryan,dryanjb,W5cW2AMp
697,Joyce,Brooks,jbrooksjc,FbghajOG3b
698,Nicholas,Lewis,nlewisjd,RjakuDkpQAI
699,Debra,Hughes,dhughesje,AbbzUAnX
700,Bobby,Sims,bsimsjf,i7AfWSc5UlO
701,Earl,Campbell,ecampbelljg,goFk45V
702,Ashley,Black,ablackjh,1C8oxktALAYV
703,Sarah,Bradley,sbradleyji,Sl5KWrAT
704,Christopher,Lewis,clewisjj,eFMgJSwy
705,Terry,Williams,twilliamsjk,fYWtVI
706,Brian,Campbell,bcampbelljl,k1hltJd
707,Roger,Gray,rgrayjm,LLJbMSP8hpJs
708,Roy,Wright,rwrightjn,xTCePG
709,Louis,Nichols,lnicholsjo,g9PCabL
710,Norma,Henderson,nhendersonjp,ZH9mQFkI9y1
711,Barbara,Gordon,bgordonjq,sJuR5IN10A
712,Anne,Stewart,astewartjr,qLwzPB16Srx
713,Anne,Morgan,amorganjs,7tIVapR
714,Ashley,Green,agreenjt,Fn92J6zsgPv
715,Wanda,Wheeler,wwheelerju,EhM0eIjtc
716,Larry,Howard,lhowardjv,0EyXV9nL
717,Barbara,Hayes,bhayesjw,j8H3A5u
718,Arthur,Knight,aknightjx,8LsNBHuP
719,Judy,West,jwestjy,4tjmoZ
720,Samuel,Mcdonald,smcdonaldjz,nIoweXPx7XFB
721,Gary,Gonzales,ggonzalesk0,wR8lEXQq0tw
722,Kathleen,Gordon,kgordonk1,GHPVuHvH
723,Donald,Gordon,dgordonk2,TiWYYl67K
724,Philip,Hill,phillk3,iaWqakC
725,Jacqueline,Schmidt,jschmidtk4,c1jrVcXfLoDJ
726,Jacqueline,Romero,jromerok5,rW4UCi
727,Ruth,Bennett,rbennettk6,bltKBR
728,Joshua,Rice,jricek7,7RiRmIbUG6Qm
729,Joe,Dean,jdeank8,OJSInKnYQBZ
730,Jimmy,Gutierrez,jgutierrezk9,kiPgEQiV62z
731,Earl,Hill,ehillka,cZnrLCvO
732,Nicholas,Wilson,nwilsonkb,leE2xeL9F48e
733,Henry,King,hkingkc,hlGAUhbq
734,Tina,Hunt,thuntkd,RhksNS
735,Nicholas,Harvey,nharveyke,vV0dhzEl3
736,Janet,Green,jgreenkf,5IqB0a
737,Gerald,Matthews,gmatthewskg,zTPUBOSWpf
738,Brian,Williamson,bwilliamsonkh,fV1KUP
739,Joan,Rivera,jriveraki,ABudLh
740,Judith,Hall,jhallkj,LtJ4dR
741,Sara,Anderson,sandersonkk,paOvAoBaeG52
742,Andrea,Castillo,acastillokl,887xzuWovKb
743,Paula,Ryan,pryankm,DvxwRVOvG4
744,Frank,Patterson,fpattersonkn,X4KTFIWP
745,Albert,Reynolds,areynoldsko,omTI515
746,Jane,Harris,jharriskp,UlkK4Qo
747,Anne,Jordan,ajordankq,iqstRpxcsa
748,Lillian,Holmes,lholmeskr,7FqQfezK4eO3
749,Patricia,Sanders,psandersks,9kIV6LE
750,William,Armstrong,warmstrongkt,nKkPMAT8y2
751,Catherine,Hansen,chansenku,IFJkU531
752,Todd,Rivera,triverakv,oEPP5tZ6
753,Ruby,Fowler,rfowlerkw,eeLKOUhW
754,Ronald,Graham,rgrahamkx,wO5aldCzgWL
755,Stephanie,Gilbert,sgilbertky,DcoqifeUzc
756,Mildred,Carpenter,mcarpenterkz,yBW4rhcDgd
757,Amanda,Lawson,alawsonl0,dI4ADnhy
758,Irene,Gilbert,igilbertl1,rFSKEcT72VjI
759,Craig,Mccoy,cmccoyl2,6Q2BQo7EKP
760,Jonathan,Wood,jwoodl3,QBqC8QYdObbp
761,Martin,Shaw,mshawl4,flIm6xNPL
762,Diana,Knight,dknightl5,aU7gSPrx
763,Gregory,Jones,gjonesl6,FAPy1Hpd3Zm
764,Billy,Gardner,bgardnerl7,wSnGtgzT
765,Gloria,Williams,gwilliamsl8,qOhMsqUv3
766,Barbara,Morrison,bmorrisonl9,RQ9YDtV
767,Nancy,Ortiz,nortizla,Ucm5Fh9f
768,Kevin,Mason,kmasonlb,c5TZe6fGzfU
769,Julia,Garza,jgarzalc,6SY0lbB
770,Steve,Kelley,skelleyld,AQeDg9eb079C
771,Irene,Washington,iwashingtonle,FCGMq4
772,Terry,Morgan,tmorganlf,4nUDR7H2
773,Fred,Moreno,fmorenolg,kmmu5v80
774,Alan,Parker,aparkerlh,15dnlmfwUyl
775,Larry,Torres,ltorresli,BgTuYIu
776,Jesse,Cooper,jcooperlj,okwyGCEov
777,Antonio,Fisher,afisherlk,ydTCZI
778,Peter,Chapman,pchapmanll,V3qrq2
779,Michelle,Hall,mhalllm,re4rxA0WD
780,Diane,Wilson,dwilsonln,04bn2a7
781,Patrick,Roberts,probertslo,jqESA6iG3fY
782,Michelle,Shaw,mshawlp,z9yiK3w1I
783,Amanda,Larson,alarsonlq,9OiuJFmovL
784,Gary,Payne,gpaynelr,Lmrg4PenYJyo
785,Julia,Cooper,jcooperls,8FvHXqBgBB
786,Betty,Gonzales,bgonzaleslt,exCWjkH66Hh
787,Amy,Peters,apeterslu,f4Yvnr
788,Sara,Fuller,sfullerlv,a882BJFdG
789,George,Woods,gwoodslw,loRYmhpi
790,Anne,Evans,aevanslx,pMJZWt3ZW
791,Judy,Reynolds,jreynoldsly,6nwEljU8
792,Tammy,Baker,tbakerlz,oq333wcewgn
793,Fred,Fernandez,ffernandezm0,wDBWyMOCejfB
794,Heather,Bennett,hbennettm1,FOaoFJ
795,Ronald,Anderson,randersonm2,whoYmFDI
796,Andrew,Reynolds,areynoldsm3,InN9SMwO
797,Willie,Day,wdaym4,rPhqW8VMpso
798,Larry,Gomez,lgomezm5,2ae247
799,Maria,Gonzalez,mgonzalezm6,zwVsOIhOL
800,Arthur,Jacobs,ajacobsm7,smdXrJNOA
801,Jonathan,Vasquez,jvasquezm8,Uk0Ryf9CX80
802,Denise,Ross,drossm9,pDvEGTE
803,Jimmy,Peterson,jpetersonma,CtCtSDsJVl
804,Paula,Bishop,pbishopmb,xYD4rpypMNo
805,Paul,Russell,prussellmc,oTWYWhm
806,Amanda,Gomez,agomezmd,but1XHySL
807,Keith,Nguyen,knguyenme,NcuqNNs
808,Anthony,Coleman,acolemanmf,Hj0YWYP
809,Evelyn,Hudson,ehudsonmg,Z2VMwoxngx
810,Barbara,Richards,brichardsmh,bl75ujKmcH1g
811,Kathy,Powell,kpowellmi,S9RN0GUSrycF
812,Emily,Cook,ecookmj,s2q2SqtV
813,Jean,Turner,jturnermk,XT6McZM
814,Rose,Henry,rhenryml,UaB6pelATgo
815,Dennis,Wheeler,dwheelermm,K6iXi2TQTT
816,Evelyn,Elliott,eelliottmn,ZpXOUsebn
817,Lisa,Day,ldaymo,d6zz10XRU
818,Jeremy,Thomas,jthomasmp,5Epr0Dhvmm
819,Lillian,Morris,lmorrismq,exjDZ5hJzc
820,Christopher,Payne,cpaynemr,eJVBnPHXDB9s
821,Larry,Stevens,lstevensms,x8BzcQVt
822,Gerald,Sims,gsimsmt,32C6rIpsui
823,Lillian,Weaver,lweavermu,LAZyYoDK1mo2
824,Joyce,Baker,jbakermv,mPgAzF6AqT
825,Alice,Gilbert,agilbertmw,qKNVvhD
826,Victor,Wood,vwoodmx,gzc68dx
827,Roger,Washington,rwashingtonmy,hMwUlyLOv
828,Edward,Larson,elarsonmz,kbNtWIkv
829,Fred,Grant,fgrantn0,BbCMJUX6
830,Robert,Perkins,rperkinsn1,WFGEZfm
831,Melissa,Harrison,mharrisonn2,AgP1rK
832,Jacqueline,Morgan,jmorgann3,Vx0sXVjRuNJq
833,Catherine,Reid,creidn4,QyD2OwyLm
834,Laura,Jenkins,ljenkinsn5,Jnky9n2ClLl
835,Lawrence,Carter,lcartern6,SIjqe02XpG
836,Bonnie,West,bwestn7,DcLqYcYKCPNI
837,Christopher,Simpson,csimpsonn8,FtEmGMB
838,Julie,Ruiz,jruizn9,EabtRdX
839,Lois,Hunter,lhunterna,0iBTdIO
840,Stephen,Gutierrez,sgutierreznb,p4hbch
841,Keith,Martinez,kmartineznc,Hle7OR
842,Andrea,Pierce,apiercend,9ObuUFbANbo8
843,Christine,Adams,cadamsne,Y8WfpCN
844,Karen,Carter,kcarternf,0CMWRcQY3DN
845,Wanda,Watkins,wwatkinsng,HxQ21Tli4
846,Jessica,Reynolds,jreynoldsnh,1f0hFgv1Ap
847,Melissa,Young,myoungni,FusTvUuT04B
848,Diana,Taylor,dtaylornj,16lc2f
849,Joan,Vasquez,jvasqueznk,MuGpzTP
850,Jerry,Anderson,jandersonnl,Geeqd2Iv27
851,Phillip,Mitchell,pmitchellnm,eTZK8DLN0b1
852,Richard,Hernandez,rhernandeznn,jqX4ouOImL
853,Karen,Bradley,kbradleyno,re45V9x4K684
854,Jessica,Griffin,jgriffinnp,QNEiLSvicsNP
855,Sarah,Matthews,smatthewsnq,PxqxHc
856,Judith,Reid,jreidnr,UgdozU9C
857,Jean,Simpson,jsimpsonns,lN2hPO4sw9
858,Howard,Crawford,hcrawfordnt,1Rc9o0Cb
859,Jack,Carpenter,jcarpenternu,RXRRrT
860,Pamela,Chavez,pchaveznv,Wk26QSxhmEOu
861,Christopher,Spencer,cspencernw,3UJrKhMmf4
862,George,Castillo,gcastillonx,aMXroQ
863,Donald,Franklin,dfranklinny,bkqIobOA
864,Rebecca,Gray,rgraynz,mq41MDhwxH
865,Amanda,Schmidt,aschmidto0,wrjnyGEiX
866,Gregory,Collins,gcollinso1,f4WKLfA
867,Adam,Cole,acoleo2,03b4qH
868,Charles,Gonzales,cgonzaleso3,dPJt2Fs4Ldpy
869,Douglas,Harrison,dharrisono4,lybyGaequ8
870,Louis,Adams,ladamso5,9yF1Kj
871,Henry,Ortiz,hortizo6,OmO9c81O7
872,Gary,Henderson,ghendersono7,3NDXwp9XLU
873,Gregory,Jenkins,gjenkinso8,A7Q2OI
874,Jeremy,Peterson,jpetersono9,T9thhZG42e9
875,Carolyn,Gomez,cgomezoa,WQj44s4b
876,Carolyn,Patterson,cpattersonob,1TKmYYA5g
877,Cynthia,Scott,cscottoc,KWbWJNzbqCgb
878,Mark,Williamson,mwilliamsonod,6KPlMGxkd
879,Dennis,Weaver,dweaveroe,R0eqHwaCQL
880,Richard,Wright,rwrightof,imtPxxMCUP9k
881,Irene,Robinson,irobinsonog,J7rtBcsrkm
882,Timothy,Johnson,tjohnsonoh,xWbZCX2LdV
883,Laura,Myers,lmyersoi,QYRCEG
884,Daniel,Simpson,dsimpsonoj,e6ZJ4NUpIgO
885,Louise,Warren,lwarrenok,d3517uM
886,William,Powell,wpowellol,RgXoH8LlB9
887,Mary,Lewis,mlewisom,PkqVeP
888,Carl,Morales,cmoraleson,rLR4iq2UeD
889,William,Roberts,wrobertsoo,J7iwED
890,Jack,Moreno,jmorenoop,U0fAUzu
891,Lillian,West,lwestoq,bndHxH3cct
892,Terry,Welch,twelchor,Cd7GQQmWts
893,Phillip,Jenkins,pjenkinsos,OnuprsN
894,Doris,Knight,dknightot,VqCraAlM96
895,Helen,Sullivan,hsullivanou,217uqjVuT
896,Earl,Mitchell,emitchellov,Teaiv7msx
897,Stephanie,Lawrence,slawrenceow,gL4s5XFIG
898,Willie,Elliott,welliottox,aPjHzv63l
899,Karen,Price,kpriceoy,eEXlSBCfne
900,Kevin,Moreno,kmorenooz,dS6u7Fmlg
901,Beverly,Meyer,bmeyerp0,pCQtbNh9gFJ
902,Randy,Wallace,rwallacep1,RmV3PDhbtH8
903,James,Burns,jburnsp2,TfXnaoS0
904,Christina,Washington,cwashingtonp3,7picWO6W
905,Ashley,Reed,areedp4,ofnVs0Iyum
906,Carol,Scott,cscottp5,nRb4TU8e
907,Janice,Boyd,jboydp6,t3Qc3x
908,George,Mendoza,gmendozap7,1yflqMJ
909,Betty,Adams,badamsp8,JcgPMjY
910,Philip,Armstrong,parmstrongp9,HGVpVaZkh0w
911,Dorothy,Hanson,dhansonpa,7ohEPv
912,Jonathan,Webb,jwebbpb,TBQa7G
913,Randy,Moreno,rmorenopc,YnBHwaw1AEs
914,Ernest,White,ewhitepd,F3XuvbA9WRz
915,Jeffrey,Kelly,jkellype,czeRrrr3Mie
916,Clarence,Barnes,cbarnespf,hdrou6k5AU44
917,Lois,Harris,lharrispg,tQ75WH91Z
918,Diane,Bishop,dbishopph,yaN0DjaBgl
919,Donald,Reid,dreidpi,cR9BDIDmnI
920,Ryan,Watson,rwatsonpj,pljaORPO
921,Ralph,Franklin,rfranklinpk,71r9Tid3Zdd
922,Linda,Baker,lbakerpl,Vm17uNUfy
923,Stephanie,King,skingpm,sDGxdsyE2
924,Gloria,Edwards,gedwardspn,pcTdIbAiXQn
925,Frances,Weaver,fweaverpo,WqzScTuVb
926,Annie,Oliver,aoliverpp,4sktwIJi9
927,Jonathan,Harris,jharrispq,bTt8dKXj
928,Margaret,Harper,mharperpr,HXzK9PYaT
929,Karen,Carpenter,kcarpenterps,Z5xVP8z
930,Arthur,Medina,amedinapt,Qmj1h8Ec
931,Judith,Stone,jstonepu,hcJFDybMJF
932,Jonathan,Robinson,jrobinsonpv,4x9tny5B308
933,Joshua,Sims,jsimspw,xepM7aFQ4QKx
934,Irene,Dixon,idixonpx,6Hx7ogapZMrX
935,Jane,Roberts,jrobertspy,F0MeX4xb1in
936,Steven,Chapman,schapmanpz,lMrUp7PUO9Z
937,Carol,James,cjamesq0,t9V9uf
938,Keith,Richards,krichardsq1,0EIGAtoi
939,Chris,Day,cdayq2,5Ppt4qj
940,Martin,Fisher,mfisherq3,yUeUur1VuxPN
941,Sharon,Wallace,swallaceq4,wgJBqM78wH
942,Shirley,Porter,sporterq5,kRXFrxqsiX
943,Lois,Parker,lparkerq6,bjGi6DNrQ8AH
944,Arthur,Ferguson,afergusonq7,7MdcsRZT4
945,Jimmy,Warren,jwarrenq8,7XBIfqM
946,Evelyn,Dunn,edunnq9,d1k9ZCU2Pwe
947,Annie,Adams,aadamsqa,NhPAigbfp
948,Judy,Gray,jgrayqb,7Hbom8m
949,Eric,Kennedy,ekennedyqc,9ZMRzkjvP2ck
950,Deborah,Willis,dwillisqd,IWPdIfmHE4Kt
951,Charles,Cruz,ccruzqe,xZoh6OhA
952,George,Larson,glarsonqf,YArC9IH
953,Scott,Roberts,srobertsqg,rBgpX64t
954,Jennifer,Stanley,jstanleyqh,8fLCKgu2A
955,Lori,Coleman,lcolemanqi,EqYZHuF94p
956,Norma,Johnston,njohnstonqj,sieb90LDH4
957,Pamela,Greene,pgreeneqk,e0SWGGREM
958,Aaron,Hunter,ahunterql,m6wj09Xkcnd
959,Jose,Ferguson,jfergusonqm,WAXdJlXM5
960,Mark,Matthews,mmatthewsqn,ZtiNCLuXJzz
961,Sarah,Gutierrez,sgutierrezqo,ETmy3d1cBbMQ
962,Robert,Meyer,rmeyerqp,ajn5PCNd
963,Chris,Duncan,cduncanqq,vD0N9uMwh3N0
964,George,Gomez,ggomezqr,CNDOmeoxC7C
965,Jean,Butler,jbutlerqs,YeOFxU1L
966,Cheryl,Crawford,ccrawfordqt,EZEO82awp
967,Clarence,Diaz,cdiazqu,BFNiyG
968,Lisa,Kim,lkimqv,lMCBkd
969,Patricia,Clark,pclarkqw,QfzfrpmIF58
970,Christine,Wallace,cwallaceqx,MRRWy9
971,Melissa,Webb,mwebbqy,HSyilw6vDO
972,Lori,Edwards,ledwardsqz,0XVsn3R8
973,Joyce,Lawson,jlawsonr0,zm1tSh5ss
974,Deborah,Reynolds,dreynoldsr1,iNBB8c7TT
975,Joseph,Moreno,jmorenor2,d8qGieomkjq
976,Jonathan,Carroll,jcarrollr3,PExSXb9nylM
977,Emily,Bell,ebellr4,qFLrWy98JSEG
978,Donna,Olson,dolsonr5,cwd1BUgI
979,Michael,Ford,mfordr6,Uxb4a3cKf1
980,Harry,Montgomery,hmontgomeryr7,jkI8Y1vAu
981,Bruce,Dunn,bdunnr8,8tBgKz
982,Matthew,Ferguson,mfergusonr9,9wtmMqgPK
983,Matthew,Hernandez,mhernandezra,tpjiVBcI
984,Joshua,Lynch,jlynchrb,ZT5h76GjLxy
985,Donna,Palmer,dpalmerrc,GTp16Y
986,Aaron,Garza,agarzard,ZZLeOf6208u
987,Joseph,Lawrence,jlawrencere,hZtnkeMN39
988,Catherine,Cunningham,ccunninghamrf,jJIgzlsozu
989,Emily,Ryan,eryanrg,GExKE7yUIE
990,George,Porter,gporterrh,U2uPq8M3F
991,Carolyn,Harper,charperri,XlLGzY
992,Matthew,Russell,mrussellrj,Dr5aE4DAtI
993,Joyce,Mcdonald,jmcdonaldrk,T1QD2vOMgLkT
994,Elizabeth,George,egeorgerl,EvfohC
995,Maria,Alexander,malexanderrm,EKCMJ4os
996,Brian,Gutierrez,bgutierrezrn,9imFziLIhp
997,Jean,Little,jlittlero,dIvrKePPG
998,Dennis,Moore,dmoorerp,cNUksWJ
999,Donna,Robertson,drobertsonrq,FfWCk5L
1000,Albert,Warren,awarrenrr,eoh7bThGaO
